City Name,Airport Name,Country
KABUL,KABUL,AFGHANISTAN
ANCHORAGE INTL,ANCHORAGE INTL,ALASKA
ANCHORAGE ELMENDORF,ELMENDORF,ALASKA
COLD BAY,COLD BAY,ALASKA
FAIRBANKS,FAIRBANKS INTL,ALASKA
SHEYMA,SHEYMA,ALASKA
TIRANA,RINAS,ALBANIA
ADRAR,TOUAT,ALGERIA
ALGIERS,HOUARI BOUMEDIENNE,ALGERIA
ANNABA,EL MELLAH,ALGERIA
CONSTANTINE,AIN-EL-BEY,ALGERIA
EL GOLEA,EL GOLEA,ALGERIA
GHARDAIA,GHARDAIA,ALGERIA
HASSI MESSAOUD,OUED IRARA,ALGERIA
IN SALAH,IN SALAH,ALGERIA
ORAN,ES SENIA,ALGERIA
TAMANRASSET,TAMANRASSET,ALGERIA
ZARAZAITINE,IN AMENAS,ALGERIA
LUANDA,LUANDA,ANGOLA
BUENOS AIRES,EZEIZA,ARGENTINA
COMODORO RIVADAVIA,COMODORO RIVADAVIA,ARGENTINA
CORDOBA,CORDOBA,ARGENTINA
MAR DE PLATA,MAR DE PLATA,ARGENTINA
ASCENSION,WIDEAWAKE,ASCENSION IS.
ADELAIDE,ADELAIDE INTL.,AUSTRALIA
ALICE SPRINGS,ALICE SPRINGS,AUSTRALIA
AVALON,AVALON,AUSTRALIA
BRISBANE,BRISBANE,AUSTRALIA
CAIRNS,CAIRNS,AUSTRALIA
CANBERRA,CANBERRA,AUSTRALIA
COOLANGATTA,COOLANGATTA,AUSTRALIA
DARWIN,DARWIN INTL.,AUSTRALIA
KARRATHA,DAMPIER,AUSTRALIA
KATHERINE,TINDAL,AUSTRALIA
MEEKATHARRA,MEEKATHARRA,AUSTRALIA
MELBOURNE,MELBOURNE INTL.,AUSTRALIA
MOUNT ISA,MOUNT ISA,AUSTRALIA
NORFOLK ISLAND,NORFOLK ISLAND,AUSTRALIA
PEARCE,PEARCE,AUSTRALIA
PERTH,PERTH INTL.,AUSTRALIA
PORT HEDLAND,PORT HEDLAND,AUSTRALIA
ROCKHAMPTON,ROCKHAMPTON,AUSTRALIA
SYDNEY,KINGFORD SMITH,AUSTRALIA
TOWNSVILLE,TOWNSVILLE,AUSTRALIA
INNSBRUCK,INNSBRUCK,AUSTRIA
KLAGENFURT,KLAGENFURT,AUSTRIA
LINZ,LINZ,AUSTRIA
SALZBURG,SALZBURG,AUSTRIA
VIENNA,SCHWECHAT,AUSTRIA
BAKU,BINA,AZERBAIJAN
LAJES,LAJES,AZORES
PONTA DELGARDO,PONTA DELGARDO,AZORES
SANTA MARIA,SANTA MARIA,AZORES
FREEPORT,FREEPORT,BAHAMAS
NASSAU,NASSAU INTL,BAHAMAS
BAHRAIN,BAHRAIN INTL,BAHRAIN
CHITTAGONG,CHITTAGONG,BANGLADESH
DHAKA TEZGAON,TEZGAON,BANGLADESH
DHAKA INTL,ZIA INTL.,BANGLADESH
BARBADOS,GRANTLY ADAMS INTL,BARBADOS
MINSK,MINSK-2,BELARUS
ANTWERP,DEURNE,BELGIUM
BRUSSELS,BRUSSELS NATIONAL,BELGIUM
CHARLEROI,BRUSSELS SOUTH,BELGIUM
LIEGE,BIERSET,BELGIUM
OSTEND,OSTEND,BELGIUM
BELIZE,PHILLIP S.W. GOLDSON INTL,BELIZE
COTONOU,CADJEHOUN,BENIN
BERMUDA,BERMUDA,BERMUDA
FRANCISTOWN,FRANCISTOWN,BOTSWANA
GABORONE NOTWANE,NOTWANE,BOTSWANA
GABORONE INTL,SERETSE KHAMA INTL.,BOTSWANA
GHANZI,GHANZI,BOTSWANA
SELEBI-PHIKWE,SELEBI-PHIKWE,BOTSWANA
BELO HORIZONTE,TRANCREDO NEVES,BRAZIL
BRASILIA,BRASILIA,BRAZIL
CAMPINAS,VIRACOPOS,BRAZIL
FERNANDO DE NOROHNA,FERNANDO DE NOROHNA,BRAZIL
FLORIANPOLIS,HERCILIO LUZ,BRAZIL
MACEIO,PALMARES,BRAZIL
NATAL,AUGUSTO SEVERO,BRAZIL
PORTO ALEGRE,SALGADO FILHO,BRAZIL
RECIFE,GUARARAPES,BRAZIL
RIO DE JANEIRO,GALEAO INTL,BRAZIL
SALVADOR,DOIS DE JULHO,BRAZIL
SAO JOSE DOS CAMPOS,SAO JOSE DOS CAMPOS,BRAZIL
SAO PAULO,GUARULHAS,BRAZIL
BURGAS,BURGAS,BULGARIA
SOFIA,SOFIA,BULGARIA
VARNA,VARNA,BULGARIA
BOBO-DIOULASSO,BOBO-DIOULASSO,BURKINA
OUAGADOUGOU,OUAGADOUGOU,BURKINA
BUJUMBURA,BUJUMBURA,BURUNDI
PHNOM-PENH,POCHENTONG,CAMBODIA
DOUALA,DOUALA,CAMEROON
GAROUA,GAROUA,CAMEROON
YAOUNDE,NSIMALEN,CAMEROON
ABBOTSFORD,ABBOTSFORD,CANADA
BAGOTVILLE,BAGOTVILLE,CANADA
CALGARY,CALGARY INTL,CANADA
CHURCHILL,CHURCHILL,CANADA
EDMONTON,EDMONTON INTL,CANADA
FREDERICTON,FREDERICTON,CANADA
GANDER,GANDER,CANADA
GOOSE,GOOSE,CANADA
HALIFAX,HALIFAX INTL,CANADA
HALIFAX,SHEARWATER,CANADA
HAMILTON,HAMILTON,CANADA
IQUALUIT,IQUALUIT,CANADA
KUUJJUAG,KUUJJUAG,CANADA
MONCTON,MONCTON,CANADA
MONT JOLI,MONT JOLI,CANADA
MONTREAL DORVAL,DORVAL,CANADA
MONTREAL MIRABEL,MIRABEL,CANADA
NORTH BAY,NORTH BAY,CANADA
OTTAWA,OTTAWA,CANADA
QUEBEC,QUEBEC,CANADA
REGINA,REGINA,CANADA
SASSKATOON,SASSKATOON,CANADA
SEPT ILES,SEPT ILES,CANADA
ST. JOHNS,ST. JOHNS,CANADA
STEPHENVILLE,STEPHENVILLE,CANADA
SYDNEY,SYDNEY,CANADA
THOMPSON,THOMPSON,CANADA
TORONTO,TORONTO,CANADA
URANIUM CITY,URANIUM CITY,CANADA
VAL D'OR,VAL D'OR,CANADA
VANCOUVER,VANCOUVER,CANADA
WHITEHOUSE,WHITEHOUSE,CANADA
WINDSOR,WINDSOR,CANADA
WINNIPEG,WINNIPEG,CANADA
YARMOUTH,YARMOUTH,CANADA
YELLOWKNIFE,YELLOWKNIFE,CANADA
FUERTEVENTURA,FUERTEVENTURA,CANARY IS.
GRAN CANARIA,LAS PALMAS,CANARY IS.
LA PALMA,LA PALMA,CANARY IS.
LANZAROTE,LANZAROTE,CANARY IS.
TENERIFE NORTE,NORTE,CANARY IS.
TENERIFE REINA SOFIA,REINA SOFIA,CANARY IS.
SAL,AMILCAR CABRAI,CAPE VERDE REPUBLIC
GRAND CAYMAN,OWEN ROBERTS,CAYMAN ISLANDS
BAMGUI,M'POKO,CENTRAL AFRICAN REPUBLIC
CONCEPCION,CARRIEL SUR,CHILE
PUNTA ARENAS,PRES. IBANEZ,CHILE
SANTIAGO,A M BENITEZ,CHILE
BEIJING,CAPITAL,CHINA
CHENGDU,SHUANGLIU,CHINA
GUANGZHOU/CANTON,BAIYUN,CHINA
KUNMING,WUJIABA,CHINA
LANZHOU,ZHONGCHUAN,CHINA
SHANGHAI,HONGQIAC,CHINA
SHENZHEN,HUANGTIAN,CHINA
TAIYUAN,WUSU,CHINA
TIANJIN,ZHANGGUIZHUANG,CHINA
URUMQI,DIWOPU,CHINA
XI'AN,XIANYANG,CHINA
BARRANQUILLA,CORTISSOZ,COLOMBIA
BOGOTA,ELDORADO,COLOMBIA
CALI,ALFONSO BONILLA ARAGON,COLOMBIA
CARTEGENA,R. NUNEZ,COLOMBIA
SAN ANDRES,SAN ANDRES,COLOMBIA
DZAOUDZI,PAMANZI,COMORES & MAYOTTE ISLANDS
MORONI HAHAIA,HAHAIA,COMORES & MAYOTTE ISLANDS
MORONI ICONI,ICONI,COMORES & MAYOTTE ISLANDS
BRAZZAVILLE,MAYA MAYA,CONGO
POINTE NOIRE,POINTE NOIRE,CONGO
DUBROVNIK,DUBROVNIK,CROATIA
RIJEKA,KRK,CROATIA
SPLIT,SPLIT,CROATIA
ZADAR,ZADAR,CROATIA
ZAGREB,ZAGREB,CROATIA
CAMAGUEY,IGNACIO AGRAMONTE,CUBA
CAYO LARGO DEL SUR,CAYO LARGO DEL SUR,CUBA
HAVANA,JOSE MARTI INTL,CUBA
VARADERO,VARADERO,CUBA
LARNACA,LARNACA,CYPRUS
PAPHOS,PAPHOS INTL,CYPRUS
PRAGUE,RUZYNE,CZECH REPUBLIC
AALBORG,AALBORG,DENMARK
BILLUND,BILLUND,DENMARK
BORNHOLM,RONNE,DENMARK
COPENHAGEN KASTRUP,KASTRUP,DENMARK
COPENHAGEN ROSKILDE,ROSKILDE,DENMARK
ESBJERG,ESBJERG,DENMARK
ODENSE,ODENSE,DENMARK
TIRSTRUP,TIRSTRUP,DENMARK
DJIBOUTI,AMBOULI,DJIBOUTI
PUERTO PLATA,PUERTO PLATA,DOMINICAN REPUBLIC
PUNTA CANA,PUNTA CANA,DOMINICAN REPUBLIC
SANTO DOMINGO,DE LAS AMERICAS,DOMINICAN REPUBLIC
GUAYAQUIL,SIMON BOLIVAR,ECUADOR
ALEXANDRIA,ALEXANDRIA,EGYPT
ASWAN,ASWAN,EGYPT
CAIRO,CAIRO INTL.,EGYPT
HURGHADA,HURGHADA,EGYPT
LUXOR,LUXOR,EGYPT
PORT SAID,PORT SAID,EGYPT
RAS EL NAKAB,RAS EL NAKAB,EGYPT
RAS NASRANI,SHARM EL-SHEIKH,EGYPT
SAN SALVADOR,EL SALVADOR INTL,EL SALVADOR
ADDIS ABABA,BOLE INTL.,ETHIOPIA
ASMARA,ASMARA,ETHIOPIA
DIRE DAWA,ABA TENNA DEJAZNATCH YILMA,ETHIOPIA
HELSINKI MALMI,MALMI,FINLAND
HELSINKI VANTAA,VANTAA,FINLAND
IVALO,IVALO,FINLAND
MARIEHAMN,MARIEHAMN,FINLAND
OULU,OULU,FINLAND
PORI,PORI,FINLAND
ROVANIEMI,ROVANIEMI,FINLAND
TAMPERE,PIRKKALA,FINLAND
TURKU,TURKU,FINLAND
ABBEVILLE,ABBEVILLE,FRANCE
AGLEN,LA GARENNE,FRANCE
AJACCIO,DELL'ORO,FRANCE
ANGERS,AVRILLE,FRANCE
BASLE,MULHOUSE,FRANCE
BASTIA,PORETTA,FRANCE
BERGERAC,ROUMANIERE,FRANCE
BEUVAIS,TILLE,FRANCE
BEZIERS,VIAS,FRANCE
BIARRITZ/BAYONE,ANGLET,FRANCE
BORDEAUX,MERIGNAC,FRANCE
BREST,GUIPAVAS,FRANCE
BRETIGNY-SUR-ORGE,BRETIGNY-SUR-ORGE,FRANCE
CAEN,CARPIQUET,FRANCE
CAHORS,LALBENQUE,FRANCE
CALAIS-DUNKERQUE,CALAIS-DUNKERQUE,FRANCE
CALVI,ST. CATHERINE,FRANCE
CAMBRAI,EPINOY,FRANCE
CANNES,MANDELIEU,FRANCE
CARCASSONNE,SALVAZA,FRANCE
CHAMBERY,AIX LES BAINS,FRANCE
CHATEAUROUX,DEOLS,FRANCE
CHERBOURG,MAUPERTUS,FRANCE
CLERMOUNT FERRAND,AULNAT,FRANCE
COLMAR,HOUSSEN,FRANCE
DEAUVILLE,ST. GATIEN,FRANCE
DIEPPE,ST. AUBIN,FRANCE
DIJON,LONGVIC,FRANCE
DINARD,PLEURTUIT-ST. MALO,FRANCE
GRENOBLE,ST. GEOIRS,FRANCE
HYERES,LE PALYVESTRE,FRANCE
LA ROCHELLE,LALEU,FRANCE
LANNION,LANNION,FRANCE
LE HAVRE,OCTEVILLE,FRANCE
LE MANS,ARNAGE,FRANCE
LE TOUQUET,PARIS PLAGE,FRANCE
LILLE,LESQUIN,FRANCE
LIMOGES,BELLEGARDE,FRANCE
LYON,BRON,FRANCE
MARSEILLE,PROVENCE,FRANCE
METZ,NANCY LORRAINE,FRANCE
MONTPELLIER,FREJORGUES,FRANCE
MORLAIX,PLOUJEAN,FRANCE
NANCY,ESSEY,FRANCE
NANTES ATLANTIQUE,NANTES ATLANTIQUE,FRANCE
PARIS CHARLES DE GAULLE,CHARLES-DE-GAULLE,FRANCE
PARIS LE BOURGET,LE BOURGET,FRANCE
PARIS ORLY,ORLY,FRANCE
PAU PYRENEES,PAU PYRENEES,FRANCE
PERIGUEUX,BASSILLAC,FRANCE
PERPIGNAN,RIVESALTES,FRANCE
PONTOISE,CORMEILLES EN VEXIN,FRANCE
QUIMPER,PLUGUFFAN,FRANCE
REIMS,CHAMPAGNE,FRANCE
RENNES,ST. JACQUES,FRANCE
RODEZ,MARCILLAC,FRANCE
ROUEN,VALLEE DE SEINE,FRANCE
ST. BRIEUC,ARMOR,FRANCE
ST. ETTIENNE,BOUTHEON,FRANCE
ST. NAZAIRE,MONTOIR,FRANCE
ST. YAN,ST. YAN,FRANCE
STRASBOURG,ENTZHEIM,FRANCE
TARBES,OSSUN-LOURDES,FRANCE
TOULOUSE BLAGNAC,BLAGNAC,FRANCE
TOULOUSE FRANCAZAL,FRANCAZAL,FRANCE
TOURS,ST. SYMPHORIEN,FRANCE
TOUSSUS LE NOBLE,TOUSSUS LE NOBLE,FRANCE
TROYES,BARBEREY,FRANCE
VALENCE,CHABEUIL,FRANCE
FRANCEVILLE,MVENGE,GABON
LIBREVILLE,LIBREVILLE,GABON
PORT GENTIL,PORT GENTIL,GABON
BANJUL,BANJUL,GAMBIA
TBILISI,NOVOALEKSEEVKA,GEORGIA
BERLIN GATOW,GATOW,GERMANY
BERLIN SCHOENEFIELD,SCHOENEFIELD,GERMANY
BERLIN TEGEL,TEGEL,GERMANY
BERLIN TEMPLEHOF,TEMPLEHOF,GERMANY
BRAUNSWEIG,BRAUNSWEIG,GERMANY
BREMEN,BREMEN,GERMANY
COLOGNE-BONN,COLOGNE-BONN,GERMANY
DORTMUND,WICKEDE,GERMANY
DRESDEN,DRESDEN,GERMANY
DUSSELDORF,DUSSELDORF,GERMANY
ERFURT,ERFURT,GERMANY
FRANKFURT,MAIN,GERMANY
FRIEDRICHSHAFEN,FRIEDRICHSHAFEN,GERMANY
HAMBURG FINKENWERDER,FINKENWERDER,GERMANY
HAMBURG,HAMBURG,GERMANY
HANNOVER,HANNOVER,GERMANY
INGOLSTADT,INGOLSTADT,GERMANY
KASSEL-CALDEN,KASSEL-CALDEN,GERMANY
KIEL,HOLTENAU,GERMANY
LEIPZIG,HALLE,GERMANY
LUBECK,BLANKENSEE,GERMANY
MUNICH,MUNICH,GERMANY
MUNSTER,MUNSTER/OSNABRUCK,GERMANY
NORDHOLZ,NORDHOLZ,GERMANY
NURNBERG,NURNBERG,GERMANY
OBERPFAFFENHOFEN,OBERPFAFFENHOFEN,GERMANY
PADERBORN,PADERBORN,GERMANY
SAARBRUCKEN,ENSHEIM,GERMANY
STUTTGART,STUTTGART,GERMANY
SYLT,WESTERLAND,GERMANY
ACCRA,KOTOKA INTL.,GHANA
KUMSAI,KUMSAI,GHANA
SUNYANI,SUNYANI,GHANA
TAKORADI,TAKORADI,GHANA
TAMALE,TAMALE,GHANA
GIBRALTAR,GIBRALTAR,GIBRALTER
ALEXANDROUPOLIS,DIMOKRITOS,GREECE
ANDRAVIDA,ANDRAVIDA,GREECE
ARAXOS,ARAXOS,GREECE
ATHENS,CENTRAL,GREECE
ELEFSIS,ELEFSIS,GREECE
HERAKLION,NIKOS KAZANTZAKIS,GREECE
IOANNINA,IOANNINA,GREECE
KARPATHOS,KARPATHOS,GREECE
KAVALA,MEGAS ALEXANDROS,GREECE
KEFALLINIA,KEFALLINIA,GREECE
KERKYRA,IOANNIS KAPODISTRIAS,GREECE
KHIOS,KHIOS,GREECE
LIMNOS,LIMNOS,GREECE
MIKONOS,MIKONOS,GREECE
MITILINI,MITILINI,GREECE
RHODES DIAGORAS,DIAGORAS,GREECE
RHODES MARITSA,MARITSA,GREECE
SALONIKA,MAKEDONIA,GREECE
SAMOS,SAMOS,GREECE
SANTORINI,SANTORINI,GREECE
SKIATHOS,SKIATHOS,GREECE
ZAKINTHOS,ZAKINTHOS,GREECE
NARSARSUAQ,NARSARSUAQ,GREENLAND
SONDERSTROM,KANGERLUSSUAQ,GREENLAND
GUATEMALA,LA AURORA,GUATEMALA
BISSAU,OSVALDO VIEIRA,GUINE-BISSAU
CONAKRY,GBESSIA,GUINEE
GEORGETOWN,TIMEHRI INTL,GUYANA
HONOLULU,HONOLULU INTL.,HAWAIIAN ISLANDS
SAN PEDRO SULA,LA MESA,HONDURAS
HONG KONG,KAI TAK,HONG KONG
BUDAPEST,FERIHEGY,HUNGARY
AKUREYI,AKUREYI,ICELAND
KEFLAVIK,KEFLAVIK,ICELAND
REYKJAVIK,REYKJAVIK,ICELAND
AHMEDABAD,AHMEDABAD,INDIA
BANGALORE,BANGALORE,INDIA
BOMBAY,JAWAHARIAL NEHRU INTL,INDIA
CALCUTTA,N.S. CHANDRA BOSE INTL.,INDIA
DELHI,DELHI INTL.,INDIA
GOA,DABOLIM,INDIA
HYDERABAD,BEGUMPET,INDIA
LUCKNOW,LUCKNOW,INDIA
MADRAS,MADRAS INTL.,INDIA
NAGPUR,NAGPUR,INDIA
PORT BLAIR,PORT BLAIR,INDIA
TRIVANDRUM,TRIVANDRUM,INDIA
AMBON,PATTIMURA,INDONESIA
BALI,BALI INTL.,INDONESIA
BIAK,KAISIEPO,INDONESIA
JAKARTA HALIM PERDANAKUSUMA,HALIM PERDANAKUSUMA,INDONESIA
JAKARTA INTL,SOERKARNO-HATTA INTL.,INDONESIA
KUPANG,EL TARI,INDONESIA
MEDAN,POLONIA,INDONESIA
SURABAYA,JUANDA,INDONESIA
UJUNG PANDANG,HASANUDDIN,INDONESIA
SHIRAZ,SHIRAZ INTL.,IRAN
TABRIZ,TABRIZ,IRAN
TEHRAN,MEHRABAD,IRAN
BAGHDAD,SADDAM INTL.,IRAQ
CONNAUGHT,CONNAUGHT,IRELAND
CORK,CORK,IRELAND
DONEGAL,CARRICKFIN,IRELAND
DUBLIN,DUBLIN,IRELAND
GALWAY,CARNMORE,IRELAND
KERRY,FARRANFORE,IRELAND
SHANNON,SHANNON,IRELAND
WATERFORD,WATERFORD,IRELAND
JERUSALEM,ATAROT,ISRAEL
OVDA,OVDA,ISRAEL
TEL AVIV,BEN GURION INTL.,ISRAEL
ALGHERO,FERTILLIA,ITALY
ANCONA,FALCONARA,ITALY
BARI,PALESE MCCHIE,ITALY
BERGAMO,ORIO AL SERIO,ITALY
BOLOGNA,BOLOGNA,ITALY
BRINDISI,CASALE,ITALY
CAGLIARI,ELMAS,ITALY
CATANIA,FONTANAROSSA,ITALY
FLORENCE,PERETOLA,ITALY
FORLI,FORLI,ITALY
GENOA,SESTRI,ITALY
LAMEZIA TERME,LAMEZIA TERME,ITALY
MILAN LINATE,LINATE,ITALY
MILAN MALPENSA,MALPENSA,ITALY
NAPLES,NAPLES,ITALY
OLBIA,COSTA SMERALDA,ITALY
PALERMO,PUNTA RAISI,ITALY
PARMA,PARMA,ITALY
PESCARA,PESCARA,ITALY
PISA,PISA,ITALY
ABIDJAN,PORT BOUET,IVORY COAST
YAMOUSSOUKRO,YAMOUSSOUKRO,IVORY COAST
KINGSTON,KINGSTON,JAMAICA
MONTEGO BAY,SANGSTER INTL,JAMAICA
CHITOSE,CHITOSE AIPORT [NEW],JAPAN
FUKUOKA,FUKUOKA,JAPAN
HAKODATE,HAKODATE,JAPAN
IWAKUNI,IWAKUNI,JAPAN
KAGOSHIMA,KAGOSHIMA,JAPAN
NAGASAKI,NAGASAKI,JAPAN
NAGOYA,NAGOYA,JAPAN
OSAKA ITAMI,ITAMI,JAPAN
OSAKA KANSAI,KANSAI INTL.,JAPAN
SENDAI,SENDAI,JAPAN
TOKYO HANEDA,HANEDA,JAPAN
TOKYO NARITA,NARITA,JAPAN
TOKYO YOKOTA,YOKOTA,JAPAN
KISUMU,KISUMU,KENYA
MALINDI,MALINDI,KENYA
MOMBASA,MOI,KENYA
NAIROBI,JOMO KENYATTA,KENYA
RIGA,RIGA INTL.,LATVIA
MASERU,MOSHOESHOE 1,LESOTHO
MONROVIA INTL,ROBERTS INTL.,LIBERIA
MONROVIA SPRIGGS PAYNE,SPRIGGS PAYNE,LIBERIA
BENGHAZI,BENINA,LIBYA
KUFRA,KUFRA,LIBYA
SEBHA,SEBHA INTL.,LIBYA
TRIPOLI,TRIPOLI INTL.,LIBYA
VILNIUS,VILNIUS,LITHUNIA
LUXEMBOURG,LUXEMBOURG,LUXEMBOURG
ANTANANARIVO,IVATO,MADAGASCAR
MAHAJANGA,AMBOROVY,MADAGASCAR
ST. DENNIS,GILLOT,MADAGASCAR
TOAMASINA,TOAMASINA,MADAGASCAR
FUNCHAL,FUNCHAL,MADEIRA
PORTO SANTO,PORTO SANTO,MADEIRA
BLANTYRE,CHILEKA,MALAWI
KARONGA,KARONGA,MALAWI
LILONGWE,KAMUZU INTL.,MALAWI
MZUZU,MZUZU,MALAWI
ALOR SETAR,SULTAN ABDUL HALIM,MALAYSIA & BRUNEI
BRUNEI INTL.,BANDAR SERI BEGAWAN,MALAYSIA & BRUNEI
JOHOR BAHRU,JOHOR BAHRU,MALAYSIA & BRUNEI
KOTA BHARU,SULTAN ISMAIL PETRA,MALAYSIA & BRUNEI
KOTA KINBALU,KOTA KINBALU,MALAYSIA & BRUNEI
KUALA LUMPUR,SIMPANG,MALAYSIA & BRUNEI
KUALA LUMPUR INTL.,KUALA LUMPUR INTL.,MALAYSIA & BRUNEI
LABUAN,LABUAN,MALAYSIA & BRUNEI
MALE INTL.,MALE INTL.,MALAYSIA & BRUNEI
MIRI,MIRI,MALAYSIA & BRUNEI
PENANG INTL.,PENANG INTL.,MALAYSIA & BRUNEI
SIBU,SIBU,MALAYSIA & BRUNEI
TAWAU,TAWAU,MALAYSIA & BRUNEI
BAMAKO,SENOU,MALI
MOPTI,BARBE,MALI
NIORO,NIORO,MALI
TOMBOUCTOU,TOMBOUCTOU,MALI
LUQA,LUQA,MALTA
NOUADHIBOU,NOUADHIBOU,MAURITANIA
NOUAKCHOTT,NOUAKCHOTT,MAURITANIA
PLAISANCE,PLAISANCE INTL.,MAURITIUS
ACAPULCO,ACAPULCO INTL,MEXICO
CAMPECHE,CAMPECHE,MEXICO
CANCUN,CANCUN,MEXICO
CHETUMAL,CHETUMAL,MEXICO
COZUMEL,COZUMEL,MEXICO
GUADALAJARA,DOM MIGEL HIDALGO,MEXICO
IXTAPA-ZIHUATANEJO,IXTAPA-ZIHUATANEJO,MEXICO
MERIDA,MERIDA,MEXICO
MEXICO CITY,B. JUAREZ INTL,MEXICO
TAMPICO,TAMPICO,MEXICO
AGADIR,AL MASSIRAH,MOROCCO
AL HOCEIMA,COTE DU RIF,MOROCCO
CASABLANCA ANFA,ANFA,MOROCCO
CASABLANCA INTL,MOHAMED V,MOROCCO
LAAYOUNE,HASSAN IST,MOROCCO
MARRAKECH,MENARA,MOROCCO
OUARZAZATE,OUARZAZATE,MOROCCO
OUJDA,ANGAD,MOROCCO
RABAT,SALE,MOROCCO
TANGIER,BOUKHALF,MOROCCO
TETOUAN,SANIA RAMEL,MOROCCO
BEIRA,BEIRA,MOZAMBIQUE
INHAMBANE,INHAMBANE,MOZAMBIQUE
MAPUTO,MAPUTO,MOZAMBIQUE
NAMPULA,NAMPULA,MOZAMBIQUE
TETE,CHINGODZI,MOZAMBIQUE
VILANKULU,VILANKULU,MOZAMBIQUE
KATHMANDU,TRIBHUVAN,NEPAL
AMSTERDAM,SCHIPOL,NETHERLANDS
EELDE,GRONINGEN,NETHERLANDS
EINDHOVEN,EINDHOVEN,NETHERLANDS
LELYSTAD,LELYSTAD,NETHERLANDS
MAASTRICHT,MAASTRICHT,NETHERLANDS
ROTTERDAM,ROTTERDAM,NETHERLANDS
AUCKLAND,AUCKLAND INTL.,NEW ZEALAND
CHRISTCHURCH,CHRISTCHURCH INTL.,NEW ZEALAND
WELLINGTON,WELLINGTON INTL.,NEW ZEALAND
AGADES,SUD,NIGER
NIAMEY,NIAMEY,NIGER
ZINDER,ZINDER,NIGER
CALABAR,CALABAR,NIGERIA
ENUGU,ENUGU,NIGERIA
IBADAN,IBADAN (NEW),NIGERIA
ILORIN,ILORIN,NIGERIA
JOS,JOS,NIGERIA
KADUNA,KADUNA (NEW),NIGERIA
KANO,MALLAM AMINU INTL.,NIGERIA
LAGOS,MURTALA MUHAMMED,NIGERIA
MAIDUGURI,MAIDUGURI,NIGERIA
PORT HAIRCOURT,PORT HAIRCOURT,NIGERIA
SOKOTO,SOKOTO,NIGERIA
YOLA,YOLA,NIGERIA
ALESUND,VIGRA,NORWAY
BERGEN,FLESLAND,NORWAY
FLORO,FLORO,NORWAY
HARSTAD NARVIK,EVENES,NORWAY
HAUGESUND,KARMONY,NORWAY
KIRKENES,HOYBUKTMOEN,NORWAY
KRISTIANSAND KJEVIK,KJEVIK,NORWAY
KRISTIANSAND KVERNBERGET,KVERNBERGET,NORWAY
OSLO FORNEBU,FORNEBU,NORWAY
OSLO GARDERMOEN,GARDERMOEN,NORWAY
STAVANGER,SOLA,NORWAY
TORP,TORP,NORWAY
TROMSO,TROMSO,NORWAY
MUSCAT,SEEB,OMAN
SALALAH,SALALAH,OMAN
ISLAMABAD,CHAKLALA,PAKISTAN
KARACHI,KARACHI,PAKISTAN
LAHORE,LAHORE,PAKISTAN
NAWABSHAH,NAWABSHAH,PAKISTAN
PORT MORESBY,JACKSONS,PAPUA NEW GUINEA
MACTAN,LAPU LAPU,PHILIPPINES
MANILA INTL.,MANILA INTL.,PHILIPPINES
GDANSK,GDANSK,POLAND
KRAKOW,KRAKOW,POLAND
POZNAN,POZNAN,POLAND
WARSAW,OKECIE,POLAND
FARO,FARO,PORTUGAL
LISBON,LISBON,PORTUGAL
OPORTO,FRANCISCO SA CARNEIRO,PORTUGAL
SAN JUAN,LUIS MUNOZ MARIN INTL,PUERTO RICO
DOHA,DOHA,QATAR
BUCHAREST BANEASA,BANEASA,ROMANIA
BUCHAREST OTOPENI,OTOPENI,ROMANIA
CONSTANTA,KOGAINICEANU,ROMANIA
TIMISOARA,GIARMATA,ROMANIA
KHABARAOVSK,NOVY,RUSSIA
MOSCOW SHREMETIEVO,SHEREMETIEVO,RUSSIA
MOSCOW VNUKOVO,VNUKOVO,RUSSIA
NOVOSIBIRSK,TOLMACHEVO,RUSSIA
ORENBURG,TSENTRALNY,RUSSIA
SAMARA,KURUMOCH,RUSSIA
ST. PETERSBURG,PULKOVO,RUSSIA
TVER,MIGALOVO,RUSSIA
YAKUTSK,YAKUTSK,RUSSIA
SAO TOME,SAO TOME,SAO TOME & PRINCIPE
ABHA,ABHA,SAUDI ARABIA
AL JOUF,AL JOUF,SAUDI ARABIA
ARAR,BADANAH,SAUDI ARABIA
DHARAN,DHARAN,SAUDI ARABIA
GASSIM,GASSIM,SAUDI ARABIA
HAFR-AL-BATIN,HAFR-AL-BATIN,SAUDI ARABIA
HAIL,HAIL,SAUDI ARABIA
JEDDAH,KING ABDULAZIZ,SAUDI ARABIA
MADINAH,MADINAH,SAUDI ARABIA
RIYADH,KING KHALID INTL.,SAUDI ARABIA
TAIF,TAIF,SAUDI ARABIA
TURAIF,TURAIF,SAUDI ARABIA
WEJH,WEJH,SAUDI ARABIA
DAKAR,YOFF,SENEGAL
SEYCHLLES,SEYCHELLES INTL.,SEYCHELLES
FREETOWN,LUNGI,SIERRA LEONE
SINGAPORE CHANGI,CHANGI,SINGAPORE
SINGAPORE PAYA LEBAR,PAYA LEBAR,SINGAPORE
BRATISLAVA,IVANKA,SLOVAK REPUBLIC
KOSICE,KOSICE,SLOVAK REPUBLIC
POPRAD,TATRY,SLOVAK REPUBLIC
LJUBLJANA,LJUBLJANA,SLOVENIA
MARIBOR,MARIBOR,SLOVENIA
KISMAYU,KISMAYU,SOMALIA REPUBLIC
MOGADISHU,MOGADISHU,SOMALIA REPUBLIC
BEAUFORT WEST,BEAUFORT WEST,SOUTH AFRICA
BETHLEHEM,BETHLEHEM,SOUTH AFRICA
BISHO,BISHO,SOUTH AFRICA
BLOEMFONTEIN,J.B.M. HERZOG,SOUTH AFRICA
CAPE TOWN,D.F. MALAN,SOUTH AFRICA
DURBAN LOUIS BOTHA,LOUIS BOTHA,SOUTH AFRICA
DURBAN VIRGINIA,VIRGINIA,SOUTH AFRICA
EAST LONDON,EAST LONDON,SOUTH AFRICA
FICKSBURG,FICKSBURG,SOUTH AFRICA
GEORGE,P.W. BOTHA,SOUTH AFRICA
GIYANI,GIYANI,SOUTH AFRICA
GRAHAMSTOWN,GRAHAMSTOWN,SOUTH AFRICA
GRAND CENTRAL,GRAND CENTRAL,SOUTH AFRICA
GROOTFONTEIN,GROOTFONTEIN,SOUTH AFRICA
HEIDELBERG,HEIDELBERG,SOUTH AFRICA
HEILBRON,HEILBRON,SOUTH AFRICA
JOHANNESBURG INTL,JAN SMUTS,SOUTH AFRICA
JOHANNESBURG RAND,RAND,SOUTH AFRICA
KEETMANSHOOP,KEETMANSHOOP,SOUTH AFRICA
KIGALI,RWANDA,SOUTH AFRICA
KIMBERLEY,B.J. VORSTER,SOUTH AFRICA
KLEINSEE,KLEINSEE,SOUTH AFRICA
KOMATIPOORT,KOMATIPOORT,SOUTH AFRICA
KROONSTAD,KROONSTAD,SOUTH AFRICA
LADYSMITH,LADYSMITH,SOUTH AFRICA
LANSERIA,LANSERIA,SOUTH AFRICA
LICHTENBURG,LICHTENBURG,SOUTH AFRICA
LUDERITZ,LUDERITZ,SOUTH AFRICA
LYDENBURG,LYDENBURG,SOUTH AFRICA
MALELANE,MALELANE,SOUTH AFRICA
MARGATE,MARGATE,SOUTH AFRICA
MESSINA,MESSINA,SOUTH AFRICA
MMABATHO,MMABATHO,SOUTH AFRICA
NELSPRUIT,NELSPRUIT,SOUTH AFRICA
NEWCASTLE SA,NEWCASTLE,SOUTH AFRICA
OTJIWARONGO,OTJIWARONGO,SOUTH AFRICA
PHALABORWA,HENDRICK VAN ECK,SOUTH AFRICA
PIET RETIEF,PIET RETIEF,SOUTH AFRICA
PIETERMARITZBURG,PIETERMARITZBURG,SOUTH AFRICA
PIETERSBURG,PIETERSBURG (CIVIL),SOUTH AFRICA
PILANESBERG,SUN CITY,SOUTH AFRICA
PLETTENBERG BAY,PLETTENBERG BAY,SOUTH AFRICA
PORT ELIZABETH,PORT ELIZABETH,SOUTH AFRICA
PRETORIA,WONDERBROOM,SOUTH AFRICA
QUEENSTOWN,QUEENSTOWN,SOUTH AFRICA
RICHARDS BAY,RICHARDS BAY,SOUTH AFRICA
SISHEN,SISHEN,SOUTH AFRICA
THABA NCHU,THABA NCHU,SOUTH AFRICA
ULUNDI,ULUNDI,SOUTH AFRICA
UPINGTON,PIERRE VAN RYNEVELD,SOUTH AFRICA
VEREENIGING,VEREENIGING,SOUTH AFRICA
VICTORIA WEST,VICTORIA WEST,SOUTH AFRICA
VRYHEID,VRYHEID,SOUTH AFRICA
WELKOM,WELKOM,SOUTH AFRICA
WINDHOEK EROS,EROS,SOUTH AFRICA
WINDHOEK INTL,WINDHOEK INTL.,SOUTH AFRICA
CHEJU,CHEJU INTL.,SOUTH KOREA
PUSAN,KIMHAE INTL.,SOUTH KOREA
SEOUL,KIMPO INTL.,SOUTH KOREA
ALICANTE,ALICANTE,SPAIN
ALMERIA,ALMERIA,SPAIN
ASTURIAS,ASTURIAS,SPAIN
BARCELONA,BARCELONA,SPAIN
BILBAO,BILBAO,SPAIN
CORDOBA,CORDOBA,SPAIN
GERONA,GERONA,SPAIN
GRANDA,GRANDA,SPAIN
IBIZA,IBIZA,SPAIN
JEREZ,JEREZ,SPAIN
LA CORUNA,LA CORUNA,SPAIN
MADRID BARAJAS,BARAJAS,SPAIN
MADRID GETAFE,GETAFE,SPAIN
MALAGA,MALAGA,SPAIN
MINORCA,MINORCA,SPAIN
PALMA,PALMA,SPAIN
PAMPLONA,PAMPLONA,SPAIN
REUS,REUS,SPAIN
SALAMANCA,SALAMANCA,SPAIN
SAN SEBASTIAN,SAN SEBASTIAN,SPAIN
SANTANDER,SANTANDER,SPAIN
SANTIAGO,SANTIAGO,SPAIN
SEVILLE,SEVILLE,SPAIN
VALENCIA,VALENCIA,SPAIN
VIGO,VIGO,SPAIN
VITORIA,VITORIA,SPAIN
COLOMBO INTL,KATUNAYAKE,SRI LANKA
COLOMBO RATMALANA,RATMALANA,SRI LANKA
JAFFNA,JAFFNA,SRI LANKA
GENEINA,GENEINA,SUDAN
JUBA,JUBA,SUDAN
KHARTOUM,KHARTOUM,SUDAN
MATSAPHA,MANZINI,SWAZILAND
ANGELHOLM,ANGELHOLM,SWEDEN
BORLANGE,BORLANGE,SWEDEN
GOTHENBURG,SAVE,SWEDEN
JONKOPING,JONKOPING,SWEDEN
KALMAR,KALMAR,SWEDEN
KARLSTAD,KARLSTAD,SWEDEN
MALMO,STURUP,SWEDEN
MORA,SILJAN,SWEDEN
NORKOPING,KUNGSANGEN,SWEDEN
OREBRO,OREBRO,SWEDEN
STOCKHOLM ARLANDA,ARLANDA,SWEDEN
STOCKHOLM BROMA,BROMMA,SWEDEN
SUNDSVALL,HARNOSAND,SWEDEN
UMEA,UMEA,SWEDEN
VISBY,VISBY,SWEDEN
BERNE,BELP,SWITZERLAND
GENEVA,GENEVA,SWITZERLAND
SION,SION,SWITZERLAND
ZURICH,ZURICH,SWITZERLAND
DAMASCUS,DAMASCUS INTL.,SYRIA
KAOHSIUNG INTL.,KAOHSIUNG INTL.,TAIWAN
TAIPEI INTL.,CHIANG KAI SHEK,TAIWAN
DAR ES SALAAM,DAR ES SALAAM,TANZANIA
KILIMANJARO,KILIMANJARO,TANZANIA
MTWARA,MTWARA,TANZANIA
MWANZA,MWANZA,TANZANIA
PEMBA,KARUME,TANZANIA
TABORA,TABORA,TANZANIA
TANGA,TANGA,TANZANIA
ZANZIBAR,KISAUNI,TANZANIA
N'DJAMENA,N'DJAMENA,TCHAD
BANGKOK,BANGKOK,THAILAND
CHIANG MAI,CHIANG MAI,THAILAND
PHUKET,PHUKET,THAILAND
SONGKHLA,HAT YAI INTL.,THAILAND
SURAT THANI,SURAT THANI,THAILAND
LOME,TOKOIN,TOGO
PORT OF SPAIN,PIARCO,TRINIDAD & TOBAGO
SCARBOROUGH,CROWN POINT,TRINIDAD & TOBAGO
JERBA,ZARZIS,TUNISIA
MONASTIR,HABIB BOURGUIBA INTL,TUNISIA
SFAX,THYNA,TUNISIA
TOZEUR,NEFTA,TUNISIA
TUNIS,CARTHAGE,TUNISIA
ADANA,SAKIRPASA,TURKEY
ANKARA,ESENBOGA,TURKEY
DALAMAN,MUGLA,TURKEY
ISTANBUL,ATATURK,TURKEY
IZMIR,ADNAN MENDERES,TURKEY
ASHKHABAD,ASHKHABAD,TURKMENISTAN
ENTEBBE,ENTEBBE,UGANDA
KIEV,BORISPOL,UKRAINE
LVOV,LVOV,UKRAINE
ODESSA,ODESSA,UKRAINE
ABU DHABI,ABU DHABI INTL,UNITED ARAB EMIRATES
ABU DHABI,BATEEN,UNITED ARAB EMIRATES
DUBAI,DUBAI,UNITED ARAB EMIRATES
FUJAIRAH,FUJAIRAH INTL.,UNITED ARAB EMIRATES
RAS AL KHAIMAH,RAS AL KHAIMAH,UNITED ARAB EMIRATES
SHARJAH,SHARJAH INTL.,UNITED ARAB EMIRATES
ABERDEEN,ABERDEEN,UNITED KINGDOM
ALDERNEY,ALDERNEY,UNITED KINGDOM
ASCENSION IS.,WIDEAWAKE,UNITED KINGDOM
BARROW,WALNEY ISLAND,UNITED KINGDOM
BEDFORD,BEDFORD,UNITED KINGDOM
BELFAST,ALDERGROVE,UNITED KINGDOM
BELFAST,CITY,UNITED KINGDOM
BEMBRIDGE,BEMBRIDGE,UNITED KINGDOM
BENBECULA,BENBECULA,UNITED KINGDOM
BIGGIN HILL,BIGGIN HILL,UNITED KINGDOM
BIRMINGHAM UK,BIRMINGHAM,UNITED KINGDOM
BLACKBUSHE,BLACKBUSHE,UNITED KINGDOM
BLACKPOOL,BLACKPOOL,UNITED KINGDOM
BOURNEMOUTH,BOURNEMOUTH,UNITED KINGDOM
BRISTOL,BRISTOL,UNITED KINGDOM
CAMBRIDGE,CAMBRIDGE,UNITED KINGDOM
CARDIFF,CARDIFF,UNITED KINGDOM
CARLISLE,CARLISLE,UNITED KINGDOM
COVENTRY,COVENTRY,UNITED KINGDOM
CRANFIELD,CRANFIELD,UNITED KINGDOM
DUNDEE,DUNDEE,UNITED KINGDOM
EAST MIDLANDS,EAST MIDLANDS,UNITED KINGDOM
EDINBURGH,EDINBURGH,UNITED KINGDOM
EXETER,EXETER,UNITED KINGDOM
GLASGOW,GLASGOW,UNITED KINGDOM
GLOUCESTERSHIRE,GLOUCESTERSHIRE,UNITED KINGDOM
GUERNSEY,GUERNSEY,UNITED KINGDOM
HUMBERSIDE,HUMBERSIDE,UNITED KINGDOM
INVERNESS,DALCROSS,UNITED KINGDOM
ISLAY,ISLAY,UNITED KINGDOM
ISLE OF MAN,RONALDSWAY,UNITED KINGDOM
JERSEY,JERSEY,UNITED KINGDOM
KIRKWALL,KIRKWALL,UNITED KINGDOM
LEEDS BRADFORD,LEEDS BRADFORD,UNITED KINGDOM
LIVERPOOL,LIVERPOOL,UNITED KINGDOM
LONDON CITY,CITY,UNITED KINGDOM
LONDON GATWICK,GATWICK,UNITED KINGDOM
LONDON HEATHROW,HEATHROW,UNITED KINGDOM
LONDON STANSTED,STANSTED,UNITED KINGDOM
LUTON,LUTON,UNITED KINGDOM
LYDD,LYDD,UNITED KINGDOM
MANCHESTER,MANCHESTER,UNITED KINGDOM
MANSTON,MANSTON,UNITED KINGDOM
NEWCASTLE,NEWCASTLE,UNITED KINGDOM
OXFORD,KIDLINGTON,UNITED KINGDOM
PLYMOUTH,CITY,UNITED KINGDOM
PRESTWICK,PRESTWICK,UNITED KINGDOM
SOUTHAMPTOM,EASTLEIGH,UNITED KINGDOM
SOUTHEND,SOUTHEND,UNITED KINGDOM
STORNOWAY,STORNOWAY,UNITED KINGDOM
SUMBURGH,SUMBURGH,UNITED KINGDOM
SWANSEA,SWANSEA,UNITED KINGDOM
TEESIDE,TEESIDE,UNITED KINGDOM
TIREE,TIREE,UNITED KINGDOM
UNST,UNST,UNITED KINGDOM
WICK,WICK,UNITED KINGDOM
ALBUQUERQUE,ALBUQUERQUE,UNITED STATES
ATLANTA,WM. B. HARTSFIELD,UNITED STATES
ATLANTIC CITY,ATLANTIC CITY,UNITED STATES
BALTIMORE,WASHINGTON INTL,UNITED STATES
BANGOR,BANGOR INTL,UNITED STATES
BEDFORD,BEDFORD,UNITED STATES
BIRMINGHAM US,BIRMINGHAM INTL,UNITED STATES
BOSTON,LOGAN INTL,UNITED STATES
BUFFALO,BUFFALO,UNITED STATES
BURLINGTON,BURLINGTON,UNITED STATES
CASPER,NATRONA COUNTY INTL,UNITED STATES
CENTRAL FLORIDA REGIONAL,SANFORD,UNITED STATES
CHARLESTON,CHARLESTON,UNITED STATES
CHARLOTTE,DOUGLAS,UNITED STATES
CHATTANOOGA,LOVELL FIELD,UNITED STATES
CHEYENNE,CHEYENNE,UNITED STATES
CHICAGO,CHICAGO O'HARE,UNITED STATES
CINCINNATI,NORTHERN KENTUCKY INTL,UNITED STATES
CLEARWATER,CLEARWATER,UNITED STATES
CLEVELAND,CLEVELAND,UNITED STATES
COLARADO SPRINGS,CITY OF COLARADO,UNITED STATES
COLUMBIA,COLUMBIA MET,UNITED STATES
COLUMBUS,PORT COLUMBUS,UNITED STATES
DALLAS,DALLAS FORT WORTH,UNITED STATES
DALLAS,LOVE FIELD,UNITED STATES
DENVER,DENVER INTL,UNITED STATES
DES MOINES,DES MOINES,UNITED STATES
DETROIT WAYNE,WAYNE,UNITED STATES
DETROIT WILLOW RUN,WILLOW RUN,UNITED STATES
DULUTH,DULUTH INTL,UNITED STATES
EVERETT,SNOHOMISH COUNTY,UNITED STATES
FARGO,HECTOR INTL,UNITED STATES
FORT LAUDERDALE,FORT LAUDERDALE,UNITED STATES
FRESNO,FRESNO,UNITED STATES
GRAND JUNCTION,WALKER FIELD,UNITED STATES
GREAT FALLS,GREAT FALLS,UNITED STATES
HOUSTON,HOUSTON INTL,UNITED STATES
HUNTSVILLE,HUNTSVILLE,UNITED STATES
INDIANAPOLIS,INDIANAPOLIS INTL,UNITED STATES
JACKSONVILLE,JACKSONVILLE INTL,UNITED STATES
KANSAS CITY INTL,KANSAS CITY INTL,UNITED STATES
KNOXVILLE,KNOXVILLE,UNITED STATES
LAS VEGAS,LAS VEGAS,UNITED STATES
LONG BEACH,LONG BEACH,UNITED STATES
LOS ANGELES,LOS ANGELES INTL,UNITED STATES
LOUISVILLE,STANDIFORD FIELD,UNITED STATES
MEMPHIS INTL,MEMPHIS INTL,UNITED STATES
MIAMI,MIAMI INTL,UNITED STATES
MILWAUKEE,MILWAUKEE,UNITED STATES
MINNEAPOLIS,MINNEAPOLIS,UNITED STATES
MONTGOMERY,MONTGOMERY,UNITED STATES
MOSES LAKE,GRANT COUNTY,UNITED STATES
NASHVILLE,NASHVILLE,UNITED STATES
NEW ORLEANS,NEW ORLEANS,UNITED STATES
NEW YORK JOHN F. KENNEDY,JOHN F. KENNEDY,UNITED STATES
NEW YORK LA GUARDIA,LA GUARDIA,UNITED STATES
NEWARK,NEWARK INTL,UNITED STATES
NEWBURGH,STEWART,UNITED STATES
NEWPORT NEWS,WILLIAMSBURG INTL,UNITED STATES
NIAGARA FALLS,NIAGARA FALLS,UNITED STATES
NORFOLK,NORFOLK INTL,UNITED STATES
OAKLAND,OAKLAND,UNITED STATES
OMAHA,EPPLEY,UNITED STATES
ONTARIO,ONTARIO INTL,UNITED STATES
ORLANDO,ORLANDO,UNITED STATES
PHILADELPHIA,PHILADELPHIA,UNITED STATES
PHOENIX,SKY HARBOR,UNITED STATES
PITTSBURGH,PITTSBURGH,UNITED STATES
PORTLAND,PORTLAND INTL,UNITED STATES
PORTLAND,PORTLAND INTL JETPORT,UNITED STATES
PRESSQUE ISLE,NORTHERN MAINE REGIONAL,UNITED STATES
PUEBLO MEMORIAL,PUEBLO MEMORIAL,UNITED STATES
RENO,CANNON INTL,UNITED STATES
RICHMOND,RICHMOND,UNITED STATES
SACRAMENTO,METROPLOLITAN,UNITED STATES
SALT LAKE CITY,SALT LAKE CITY,UNITED STATES
SAN ANTONIO,SAN ANTONIO INTL,UNITED STATES
SAN DIEGO,SAN DIEGO,UNITED STATES
SAN FRANCISCO,SAN FRANCISCO,UNITED STATES
SAVANNAH,SAVANNAH,UNITED STATES
SEATTLE,TACOMA,UNITED STATES
SEATTLE BOEING FIELD,KING COUNTY INTL,UNITED STATES
SIOUX FALLS,SIOUX FALLS,UNITED STATES
SPOKANE INTL,SPOKANE INTL,UNITED STATES
ST. LOUIS,ST. LOUIS INTL,UNITED STATES
SYRACUSE,HANCOCK INTL,UNITED STATES
TAMPA,TAMPA INTL,UNITED STATES
WASHINGTON DULLES,DULLES,UNITED STATES
WASHINGTON NATIONAL,NATIONAL,UNITED STATES
WEST PALM BEACH,WEST PALM BEACH,UNITED STATES
WILMINGTON,NEW HANOVER COUNTY,UNITED STATES
WINDSOR LOCKS,WINDSOR LOCKS,UNITED STATES
MONTEVIDEO,CARRASCO,URUGUAY
SAMARKAND,SAMARKAND,UZBEKISTAN
TASHKENT,YUZHNYY,UZBEKISTAN
CARACAS,SIMON BOLIVAR,VENEZUELA
MARACAIBO,LA CHINITA,VENEZUELA
MARGARITA,DEL CARIBE,VENEZUELA
DANANG,DANANG,VIETNAM
HANOI,NOIBAI,VIETNAM
HOCHIMINH,TANSONNHAT,VIETNAM
ST. LUCIA,HEWANORRA INTL,WINDWARD ISLANDS
ADEN,ADEN,YEMEN ARAB REPUBLIC
HODEIDAH,HODEIDAH,YEMEN ARAB REPUBLIC
SANAA,SANAA INTL.,YEMEN ARAB REPUBLIC
TAIZ,GANED,YEMEN ARAB REPUBLIC
BELGRADE,BELGRADE,YUGOSLAVIA
MOSTAR,MOSTAR,YUGOSLAVIA
OHRID,OHRID,YUGOSLAVIA
PODGORICA,PODGORICA,YUGOSLAVIA
SARAJEVO,SARAJEVO,YUGOSLAVIA
SKOPJE,SKOPJE,YUGOSLAVIA
TIVAT,TIVAT,YUGOSLAVIA
KINSHASA,NDJILI,ZAIRE
KISANGANI,BANGOKA,ZAIRE
LUBUMBASHI,BARRER LUANO,ZAIRE
MBUJI-MAYI,MBUJI-MAYI,ZAIRE
KASAMA,KASAMA,ZAMBIA
LIVINGSTONE,LIVINGSTONE,ZAMBIA
LUSAKA,LUSAKA INTL.,ZAMBIA
MANSA,MANSA,ZAMBIA
MONGU ,MONGU,ZAMBIA
N'DOLA,N'DOLA,ZAMBIA
BULAWAYO,BULAWAYO,ZIMBABWAE
CHIREDZI,BUFFALO RANGE,ZIMBABWAE
HARARE,CHARLES PRINCE,ZIMBABWAE
HARARE,HARARE INTL.,ZIMBABWAE
HWANGE,NATIONAL PARK,ZIMBABWAE
KARIBA,KARIBA,ZIMBABWAE
MASVINGO,MASVINGO,ZIMBABWAE
VICTORIA FALLS,VICTORIA FALLS,ZIMBABWAE
